﻿<?xml version="1.0" encoding="utf-8" ?>
<Advertisements>
  <Ad>
    <ImageUrl>image/pear,plum-peaches.jpg</ImageUrl>
    <width>900</width>
    <height>100</height>
    <AlternateText>Please visit home page</AlternateText>
    <Impression>50</Impression>
    <keyword>Banner</keyword>
  </Ad>

  <Ad>
    <ImageUrl>image/snacksparty.jpg</ImageUrl>
    <width>900</width>
    <height>80</height>
    <AlternateText>Please visit home page</AlternateText>
    <Impression>50</Impression>
    <keyword>Banner</keyword>
  </Ad>
  <Ad>
    <ImageUrl>image/Onion products.jpg</ImageUrl>
    <width>900</width>
    <height>100</height>
    <AlternateText>Please visit home page</AlternateText>
    <Impression>50</Impression>
    <keyword>Banner</keyword>
  </Ad>
  <Ad>
    <ImageUrl>image/wheat.png</ImageUrl>
    <width>900</width>
    <height>100</height>
    <AlternateText>Please visit home page</AlternateText>
    <Impression>50</Impression>
    <keyword>Banner</keyword>
  </Ad>
  <Ad>
    <ImageUrl>image/snacksparty.jpg</ImageUrl>
    <width>800</width>
    <height>100</height>
    <AlternateText>Please visit home page</AlternateText>
    <Impression>50</Impression>
    <keyword>Banner</keyword>
  </Ad>
</Advertisements>