﻿<?xml version="1.0" encoding="utf-8" ?>

<Advertisements>
  <Ad>
    <ImageUrl>image/snacksparty.jpg</ImageUrl>
    <width>900</width>
    <height>100</height>
    <AlternateText>Please visit home page</AlternateText>
    <Impression>50</Impression>
    <keyword>Banner</keyword>
  </Ad>

  <Ad>
    <ImageUrl>image/healthy dates.jpg</ImageUrl>
    <width>900</width>
    <height>80</height>
    <AlternateText>Please visit home page</AlternateText>
    <Impression>50</Impression>
    <keyword>Banner</keyword>
  </Ad>
  <Ad>
    <ImageUrl>image/lays-chips.png</ImageUrl>
    <width>900</width>
    <height>100</height>
    <AlternateText>Please visit home page</AlternateText>
    <Impression>50</Impression>
    <keyword>Banner</keyword>
  </Ad>
  <Ad>
    <ImageUrl>image/organic-store.jpg</ImageUrl>
    <width>900</width>
    <height>100</height>
    <AlternateText>Please visit home page</AlternateText>
    <Impression>50</Impression>
    <keyword>Banner</keyword>
  </Ad>
  <Ad>
    <ImageUrl>image/corn.jpg</ImageUrl>
    <width>800</width>
    <height>100</height>
    <AlternateText>Please visit home page</AlternateText>
    <Impression>50</Impression>
    <keyword>Banner</keyword>
  </Ad>
</Advertisements>
